Payment type;Date;Average trip cost;Average trip km cost
Cash;31.12.2020;14.004673;7.046274569
Credit card;31.12.2020;17.198036;6.4220287
Dispute;31.12.2020;-0.773617;-26.68814084
No charge;31.12.2020;9.064857;-3.421292928
Unknown;31.12.2020;31.757435;10.26943431
Cash;30.12.2020;14.347544;8.415904861
Credit card;30.12.2020;17.80906;6.606754668
Dispute;30.12.2020;-4.886735;-38.91977765
No charge;30.12.2020;9.316336;-21.751152
Unknown;30.12.2020;31.53074;5.734892271
Cash;29.12.2020;14.154858;7.91599658
Credit card;29.12.2020;17.447513;6.236899971
Dispute;29.12.2020;-2.687074;-19.79788872
No charge;29.12.2020;8.97433;-5.00933135
Unknown;29.12.2020;31.758492;6.873103894
Cash;28.12.2020;14.491592;7.767736268
Credit card;28.12.2020;18.169787;6.082692466
Dispute;28.12.2020;-1.053429;-5.413140168
No charge;28.12.2020;11.584146;3.434170353
Unknown;28.12.2020;31.77084;6.501202934
Cash;27.12.2020;15.131892;7.171178642
Credit card;27.12.2020;19.71136;6.111621571
Dispute;27.12.2020;-2.270597;-51.66515518
No charge;27.12.2020;11.186758;-5.933467972
Unknown;27.12.2020;32.487617;10.55538304
Cash;26.12.2020;14.053832;7.535196773
Credit card;26.12.2020;17.587107;6.496733585
Dispute;26.12.2020;-2.983695;-39.45712458
No charge;26.12.2020;8.710314;-11.0435737
Unknown;26.12.2020;32.125558;8.224949731
Cash;25.12.2020;14.617372;6.946957925
Credit card;25.12.2020;18.295421;5.931976291
Dispute;25.12.2020;-4.443703;-43.46843947
No charge;25.12.2020;6.309682;-9.46278392
Unknown;25.12.2020;34.296801;6.072518788
Cash;24.12.2020;14.004378;7.425303822
Credit card;24.12.2020;16.562118;6.995686193
Dispute;24.12.2020;-2.741534;-14.5235899
No charge;24.12.2020;8.04163;-14.5371941
Unknown;24.12.2020;31.000466;5.37892578
Cash;23.12.2020;14.664252;7.680631942
Credit card;23.12.2020;17.961389;7.062136561
Dispute;23.12.2020;0.656425;-12.56191766
No charge;23.12.2020;9.823197;0.350424576
Unknown;23.12.2020;32.023399;7.229651039
Cash;22.12.2020;14.583244;8.100774819
Credit card;22.12.2020;17.632915;6.809973579
Dispute;22.12.2020;0.317081;-17.33582606
No charge;22.12.2020;10.508026;-4.883441725
Unknown;22.12.2020;31.475321;8.512557394
Cash;21.12.2020;14.706043;8.724808267
Credit card;21.12.2020;17.595786;6.699047779
Dispute;21.12.2020;-2.224583;-32.26081132
No charge;21.12.2020;8.709149;-21.03970747
Unknown;21.12.2020;31.334793;5.917918982
Cash;20.12.2020;14.644073;8.417873501
Credit card;20.12.2020;17.666782;6.25758762
Dispute;20.12.2020;-2.982123;-18.00362543
No charge;20.12.2020;10.19159;-3.596017142
Unknown;20.12.2020;31.164401;7.433265543
Cash;19.12.2020;14.356635;9.501090954
Credit card;19.12.2020;17.119697;6.398082359
Dispute;19.12.2020;-4.009696;-26.58127551
No charge;19.12.2020;9.295645;1.295491702
Unknown;19.12.2020;30.522083;6.203349839
Cash;18.12.2020;14.924899;8.725329919
Credit card;18.12.2020;17.898332;6.820111641
Dispute;18.12.2020;-1.92358;-32.15332917
No charge;18.12.2020;10.709484;-5.59771878
Unknown;18.12.2020;30.967907;7.303358967
Cash;17.12.2020;14.825004;9.823787648
Credit card;17.12.2020;16.713354;6.592230728
Dispute;17.12.2020;-7.941203;-30.72528065
No charge;17.12.2020;9.657948;-2.566883531
Unknown;17.12.2020;30.694194;11.75221275
Cash;16.12.2020;13.590228;7.582759738
Credit card;16.12.2020;16.296284;6.647717581
Dispute;16.12.2020;-2.346973;-26.1348619
No charge;16.12.2020;9.590162;-2.714986187
Unknown;16.12.2020;30.104039;5.889488574
Cash;15.12.2020;14.129882;7.841405412
Credit card;15.12.2020;17.122327;6.859730457
Dispute;15.12.2020;-1.680262;-10.73544753
No charge;15.12.2020;7.889136;-20.08056434
Unknown;15.12.2020;31.185306;5.317271618
Cash;14.12.2020;14.08546;7.899672205
Credit card;14.12.2020;16.778819;6.953935472
Dispute;14.12.2020;-2.46129;-18.39762708
No charge;14.12.2020;7.876129;-6.46731835
Unknown;14.12.2020;31.084556;5.418704756
Cash;13.12.2020;14.40861;6.957141758
Credit card;13.12.2020;17.272004;5.895973995
Dispute;13.12.2020;-2.43865;-16.57346223
No charge;13.12.2020;10.246774;-1.544102562
Unknown;13.12.2020;31.157158;5.45862301
Cash;12.12.2020;13.831012;7.697866136
Credit card;12.12.2020;16.476579;6.386871163
Dispute;12.12.2020;-3.3813;-13.73849461
No charge;12.12.2020;7.714798;-12.48743134
Unknown;12.12.2020;30.173057;6.704292401
Cash;11.12.2020;14.025911;7.103769136
Credit card;11.12.2020;17.019598;6.641229452
Dispute;11.12.2020;-2.137961;-31.96149342
No charge;11.12.2020;9.482978;-3.086334857
Unknown;11.12.2020;31.262859;6.299267445
Cash;10.12.2020;14.229202;9.876373944
Credit card;10.12.2020;17.166995;6.762473291
Dispute;10.12.2020;-1.907568;-14.68761487
No charge;10.12.2020;7.212096;-11.06213853
Unknown;10.12.2020;30.892383;5.329830945
Cash;09.12.2020;14.000418;8.265427834
Credit card;09.12.2020;16.695125;6.604939214
Dispute;09.12.2020;-2.330656;-6.408478069
No charge;09.12.2020;7.740487;-7.12308249
Unknown;09.12.2020;30.176303;6.856880781
Cash;08.12.2020;14.067918;9.796194481
Credit card;08.12.2020;16.618093;6.731424234
Dispute;08.12.2020;-4.108317;-22.72696353
No charge;08.12.2020;12.408478;-7.18095694
Unknown;08.12.2020;31.123689;5.137262194
Cash;07.12.2020;13.915491;7.819149287
Credit card;07.12.2020;16.616077;6.752026591
Dispute;07.12.2020;1.102542;-6.718643603
No charge;07.12.2020;10.518032;-2.588724723
Unknown;07.12.2020;30.888972;7.163876481
Cash;06.12.2020;14.514428;8.993619376
Credit card;06.12.2020;16.957663;6.041581623
Dispute;06.12.2020;-3.079883;-25.75753998
No charge;06.12.2020;6.202329;-43.3645124
Unknown;06.12.2020;31.347723;7.482641418
Cash;05.12.2020;13.84659;8.850398169
Credit card;05.12.2020;16.305102;6.316791727
Dispute;05.12.2020;-3.229437;-11.87564646
No charge;05.12.2020;6.356036;-26.95829702
Unknown;05.12.2020;29.761452;6.112058293
Cash;04.12.2020;13.908496;7.633248303
Credit card;04.12.2020;16.746586;6.66449555
Dispute;04.12.2020;0.726497;-24.60643189
No charge;04.12.2020;9.461896;-3.907414615
Unknown;04.12.2020;30.862094;6.068467078
Cash;03.12.2020;14.180088;8.352367743
Credit card;03.12.2020;16.930612;6.372359072
Dispute;03.12.2020;-1.65922;-5.609548861
No charge;03.12.2020;8.46423;-13.4783782
Unknown;03.12.2020;30.960015;5.703413626
Cash;02.12.2020;14.034295;9.190767253
Credit card;02.12.2020;16.803846;6.272179745
Dispute;02.12.2020;-3.161932;-48.36016057
No charge;02.12.2020;9.475069;-31.81436815
Unknown;02.12.2020;31.172705;6.199612374
Cash;01.12.2020;14.458568;8.976976422
Credit card;01.12.2020;17.310333;6.596383251
Dispute;01.12.2020;-3.977892;-47.97944321
No charge;01.12.2020;8.901872;-36.72296023
Unknown;01.12.2020;31.032184;6.180582899
Cash;30.11.2020;14.564236;6.946525158
Credit card;30.11.2020;17.252551;6.485828222
Dispute;30.11.2020;-0.72745;-38.11530866
No charge;30.11.2020;8.880505;-6.157524922
Unknown;30.11.2020;31.227562;5.203710849
Cash;29.11.2020;15.119349;9.143710045
Credit card;29.11.2020;18.785453;5.972374524
Dispute;29.11.2020;-3.568873;-16.68189918
No charge;29.11.2020;8.827704;-21.35155802
Unknown;29.11.2020;31.220718;9.117356785
Cash;28.11.2020;14.277628;7.815432465
Credit card;28.11.2020;17.69857;5.856697823
Dispute;28.11.2020;-2.385542;-12.7387796
No charge;28.11.2020;6.81915;-25.36374567
Unknown;28.11.2020;31.784877;4.856069358
Cash;27.11.2020;14.102968;7.92911647
Credit card;27.11.2020;17.179401;6.186491272
Dispute;27.11.2020;-3.86543;-31.13886305
No charge;27.11.2020;10.231583;-4.841228968
Unknown;27.11.2020;31.746163;6.744257159
Cash;26.11.2020;14.257248;7.877903028
Credit card;26.11.2020;17.229905;6.083280653
Dispute;26.11.2020;-7.275625;-9.711678138
No charge;26.11.2020;6.022576;-56.23398153
Unknown;26.11.2020;33.295729;4.538024371
Cash;25.11.2020;14.198368;8.177442105
Credit card;25.11.2020;17.072754;6.497626109
Dispute;25.11.2020;1.457623;-8.651246068
No charge;25.11.2020;8.512687;-18.27283628
Unknown;25.11.2020;31.429243;5.128187289
Cash;24.11.2020;14.345297;8.258562574
Credit card;24.11.2020;17.20434;6.629308722
Dispute;24.11.2020;-2.775022;-8.791801425
No charge;24.11.2020;7.890136;-10.27242561
Unknown;24.11.2020;31.21077;7.010577462
Cash;23.11.2020;14.378933;7.217035354
Credit card;23.11.2020;16.816603;6.495416136
Dispute;23.11.2020;-3.359623;-40.66482971
No charge;23.11.2020;13.180283;0.042400192
Unknown;23.11.2020;31.251055;5.418495488
Cash;22.11.2020;14.510298;8.924671284
Credit card;22.11.2020;17.033321;6.000424445
Dispute;22.11.2020;-2.187426;-31.97218488
No charge;22.11.2020;11.226049;-3.395013566
Unknown;22.11.2020;31.209419;5.354843927
Cash;21.11.2020;14.391774;8.207974809
Credit card;21.11.2020;17.124726;6.092364527
Dispute;21.11.2020;-3.487112;-7.758141756
No charge;21.11.2020;10.445974;-14.61597021
Unknown;21.11.2020;30.7079;4.837690577
Cash;20.11.2020;14.449538;7.215784464
Credit card;20.11.2020;17.393583;6.768201763
Dispute;20.11.2020;-1.438982;-13.10361958
No charge;20.11.2020;9.95271;-2.42350777
Unknown;20.11.2020;31.681238;6.536786948
Cash;19.11.2020;14.472754;8.872798671
Credit card;19.11.2020;17.226378;6.557977627
Dispute;19.11.2020;0.590597;-5.957755392
No charge;19.11.2020;9.205889;-14.82603668
Unknown;19.11.2020;31.54913;6.724314996
Cash;18.11.2020;14.388967;8.312658665
Credit card;18.11.2020;17.034353;6.653111946
Dispute;18.11.2020;-2.037803;-19.38048139
No charge;18.11.2020;7.465401;-9.731754648
Unknown;18.11.2020;31.119312;5.882274425
Cash;17.11.2020;14.276994;8.285132621
Credit card;17.11.2020;17.041077;6.537552323
Dispute;17.11.2020;-1.712561;-38.72790982
No charge;17.11.2020;600.207968;-15.23776179
Unknown;17.11.2020;31.511634;5.9135574
Cash;16.11.2020;14.349464;7.136998434
Credit card;16.11.2020;17.279388;6.473748601
Dispute;16.11.2020;-2.509388;-4.288571724
No charge;16.11.2020;10.956093;-8.963679443
Unknown;16.11.2020;32.027779;5.264075276
Cash;15.11.2020;14.542893;9.136281482
Credit card;15.11.2020;17.366834;5.730113013
Dispute;15.11.2020;-2.844142;-67.84293019
No charge;15.11.2020;10.667514;-19.21698446
Unknown;15.11.2020;31.16561;4.697748772
Cash;14.11.2020;13.999042;8.261549625
Credit card;14.11.2020;16.816114;6.263803778
Dispute;14.11.2020;-4.548349;-53.75554014
No charge;14.11.2020;7.951839;-20.05633713
Unknown;14.11.2020;30.284976;6.386206346
Cash;13.11.2020;14.158463;9.227578145
Credit card;13.11.2020;16.934195;6.548080961
Dispute;13.11.2020;-2.422212;-27.15804037
No charge;13.11.2020;9.868975;-15.8340431
Unknown;13.11.2020;31.206784;6.738691584
Cash;12.11.2020;14.294707;8.414782073
Credit card;12.11.2020;16.932035;6.452207594
Dispute;12.11.2020;-1.751844;-47.23840769
No charge;12.11.2020;7.395425;-28.6714843
Unknown;12.11.2020;30.875559;5.638532907
Cash;11.11.2020;13.647048;6.937850455
Credit card;11.11.2020;16.408774;6.233011046
Dispute;11.11.2020;-1.655937;-20.26215705
No charge;11.11.2020;8.232878;-1.509864128
Unknown;11.11.2020;30.007187;5.727522157
Cash;10.11.2020;14.201622;7.700050257
Credit card;10.11.2020;17.221556;6.492500373
Dispute;10.11.2020;-0.877333;-45.38763999
No charge;10.11.2020;8.091503;-17.57683806
Unknown;10.11.2020;31.73138;5.594889978
Cash;09.11.2020;14.313918;7.611261417
Credit card;09.11.2020;17.109189;6.363680641
Dispute;09.11.2020;-3.695189;-76.78963949
No charge;09.11.2020;8.37145;-4.465273339
Unknown;09.11.2020;31.641751;5.072976352
Cash;08.11.2020;14.933611;7.477157791
Credit card;08.11.2020;17.821874;5.80590935
Dispute;08.11.2020;-3.417012;-27.42970822
No charge;08.11.2020;8.302155;-14.79222841
Unknown;08.11.2020;31.583669;4.849424079
Cash;07.11.2020;14.420942;9.167963529
Credit card;07.11.2020;17.234052;6.035483862
Dispute;07.11.2020;-3.398017;-108.1947733
No charge;07.11.2020;10.22789;-4.05256209
Unknown;07.11.2020;30.249357;4.911316868
Cash;06.11.2020;14.362431;9.223131444
Credit card;06.11.2020;17.286424;6.201635116
Dispute;06.11.2020;-1.773177;-62.01873429
No charge;06.11.2020;9.484837;-5.107827181
Unknown;06.11.2020;31.210435;5.229605636
Cash;05.11.2020;14.337086;9.882703314
Credit card;05.11.2020;17.282979;6.401582265
Dispute;05.11.2020;-2.421;-40.28102485
No charge;05.11.2020;7.598049;-47.66252773
Unknown;05.11.2020;31.45757;7.766736229
Cash;04.11.2020;13.926018;8.576242593
Credit card;04.11.2020;16.959506;6.347436881
Dispute;04.11.2020;-0.453442;-23.02594214
No charge;04.11.2020;8.715478;-5.361100994
Unknown;04.11.2020;31.788985;5.211215711
Cash;03.11.2020;13.699127;6.913002113
Credit card;03.11.2020;16.312644;6.244263345
Dispute;03.11.2020;-4.551627;-12.93670452
No charge;03.11.2020;9.995655;-5.261169052
Unknown;03.11.2020;30.473731;6.166918426
Cash;02.11.2020;14.465245;7.507127202
Credit card;02.11.2020;17.210475;6.485623072
Dispute;02.11.2020;-3.721798;-66.54240105
No charge;02.11.2020;9.375352;-3.151666487
Unknown;02.11.2020;31.587344;5.722385428
Cash;01.11.2020;14.985934;7.978211315
Credit card;01.11.2020;17.442507;5.918678532
Dispute;01.11.2020;-0.925696;-41.27985375
No charge;01.11.2020;9.911111;-2.565731192
Unknown;01.11.2020;30.834989;5.169362228
Cash;31.10.2020;14.210319;8.307758834
Credit card;31.10.2020;16.560822;6.065166437
Dispute;31.10.2020;-0.435426;-29.52073853
No charge;31.10.2020;8.693861;-8.029131719
Unknown;31.10.2020;29.246331;5.882603436
Cash;30.10.2020;14.306133;8.4752914
Credit card;30.10.2020;16.952837;6.656115818
Dispute;30.10.2020;-0.913739;-51.04271935
No charge;30.10.2020;8.911156;-7.389797837
Unknown;30.10.2020;30.753989;5.555716122
Cash;29.10.2020;14.341319;9.734893281
Credit card;29.10.2020;17.103686;7.021866392
Dispute;29.10.2020;-0.148511;-30.67324195
No charge;29.10.2020;9.197992;-19.41981253
Unknown;29.10.2020;30.509401;6.647070634
Cash;28.10.2020;14.19749;8.235440326
Credit card;28.10.2020;17.057159;6.497683017
Dispute;28.10.2020;-2.173756;-25.96831021
No charge;28.10.2020;9.582542;0.684006746
Unknown;28.10.2020;31.022359;5.933863631
Cash;27.10.2020;14.284759;8.313479262
Credit card;27.10.2020;16.904255;6.368029183
Dispute;27.10.2020;-2.703926;-16.33867944
No charge;27.10.2020;9.792964;-5.383181658
Unknown;27.10.2020;30.948386;5.340277651
Cash;26.10.2020;14.308386;7.113062269
Credit card;26.10.2020;16.99903;6.584731483
Dispute;26.10.2020;0.576913;-12.49758237
No charge;26.10.2020;9.899631;-12.03337946
Unknown;26.10.2020;31.147673;5.30246002
Cash;25.10.2020;14.853019;9.220665896
Credit card;25.10.2020;17.462345;6.0565394
Dispute;25.10.2020;-0.446573;-14.40902072
No charge;25.10.2020;8.927157;-8.825476559
Unknown;25.10.2020;31.790657;5.081047085
Cash;24.10.2020;14.373859;8.217847103
Credit card;24.10.2020;16.944693;5.929624092
Dispute;24.10.2020;-0.636616;-9.424585369
No charge;24.10.2020;11.213003;-12.76822281
Unknown;24.10.2020;29.955203;5.314408872
Cash;23.10.2020;14.560352;7.696380881
Credit card;23.10.2020;17.357454;6.719107325
Dispute;23.10.2020;-0.129042;-51.80377555
No charge;23.10.2020;9.378168;0.564509031
Unknown;23.10.2020;31.098272;4.967194982
Cash;22.10.2020;14.555353;7.502373917
Credit card;22.10.2020;17.612554;6.391612746
Dispute;22.10.2020;-2.420917;-19.12558231
No charge;22.10.2020;12.160845;-1.569405857
Unknown;22.10.2020;31.17397;5.066288123
Cash;21.10.2020;14.231369;10.00755552
Credit card;21.10.2020;17.127881;6.573664525
Dispute;21.10.2020;-2.637183;-8.15194868
No charge;21.10.2020;10.148;-36.90296996
Unknown;21.10.2020;31.582118;6.826618131
Cash;20.10.2020;14.241491;7.666126155
Credit card;20.10.2020;16.877874;6.337376046
Dispute;20.10.2020;-3.314216;-49.31546089
No charge;20.10.2020;10.594826;-16.65562299
Unknown;20.10.2020;31.800625;6.071913421
Cash;19.10.2020;14.352133;6.954819532
Credit card;19.10.2020;17.261625;6.398969642
Dispute;19.10.2020;-2.115885;-13.92150677
No charge;19.10.2020;10.502388;-5.141715873
Unknown;19.10.2020;32.042832;7.004096933
Cash;18.10.2020;15.1653;8.186160049
Credit card;18.10.2020;17.750284;5.87591818
Dispute;18.10.2020;-3.282597;-72.87878793
No charge;18.10.2020;13.221888;-2.437221398
Unknown;18.10.2020;32.23541;4.830869353
Cash;17.10.2020;14.345385;6.538658203
Credit card;17.10.2020;17.050032;5.940335163
Dispute;17.10.2020;-1.072814;-13.88496963
No charge;17.10.2020;10.578541;-4.60756393
Unknown;17.10.2020;30.092187;7.131587935
Cash;16.10.2020;14.448958;9.394310474
Credit card;16.10.2020;17.147203;6.523377409
Dispute;16.10.2020;-2.196022;-30.40556897
No charge;16.10.2020;9.582402;-7.115660256
Unknown;16.10.2020;31.046238;6.708195333
Cash;15.10.2020;14.686444;9.336698287
Credit card;15.10.2020;17.800632;6.562198295
Dispute;15.10.2020;-3.139365;-82.64297647
No charge;15.10.2020;10.374581;-12.89422733
Unknown;15.10.2020;31.531875;6.187095119
Cash;14.10.2020;14.273179;8.801183822
Credit card;14.10.2020;17.337898;6.330700527
Dispute;14.10.2020;-1.454797;-21.74972492
No charge;14.10.2020;10.223684;-29.49703003
Unknown;14.10.2020;31.409501;4.862779746
Cash;13.10.2020;14.654032;8.083425448
Credit card;13.10.2020;17.245743;6.551734807
Dispute;13.10.2020;-1.579605;-30.40047793
No charge;13.10.2020;9.200333;-10.01322412
Unknown;13.10.2020;31.39952;4.903124603
Cash;12.10.2020;14.257725;7.940579134
Credit card;12.10.2020;16.825164;6.097339981
Dispute;12.10.2020;-1.032941;-64.61085768
No charge;12.10.2020;10.207219;-6.113595783
Unknown;12.10.2020;30.908864;6.413472029
Cash;11.10.2020;15.35337;7.895380834
Credit card;11.10.2020;17.954718;6.235911474
Dispute;11.10.2020;-3.298476;-34.49509685
No charge;11.10.2020;9.02447;-20.81285493
Unknown;11.10.2020;32.097441;6.177552461
Cash;10.10.2020;14.606749;6.357014466
Credit card;10.10.2020;17.435927;5.958110851
Dispute;10.10.2020;-1.059867;-38.83684109
No charge;10.10.2020;8.265844;-8.817156677
Unknown;10.10.2020;30.922997;5.576516332
Cash;09.10.2020;14.579824;8.285649681
Credit card;09.10.2020;17.747759;6.422310272
Dispute;09.10.2020;-1.490645;-4.794077956
No charge;09.10.2020;8.621237;-18.38982997
Unknown;09.10.2020;31.6675;5.834790694
Cash;08.10.2020;14.459545;8.881522253
Credit card;08.10.2020;17.675823;6.436332484
Dispute;08.10.2020;-2.914012;-59.09140359
No charge;08.10.2020;9.374353;-16.66046811
Unknown;08.10.2020;31.655443;6.692560699
Cash;07.10.2020;14.254821;9.058375228
Credit card;07.10.2020;17.15524;6.384357279
Dispute;07.10.2020;-2.958571;-33.71249131
No charge;07.10.2020;3283.147475;2888.442803
Unknown;07.10.2020;31.421588;4.819952673
Cash;06.10.2020;14.277298;7.299827879
Credit card;06.10.2020;17.159887;6.209545579
Dispute;06.10.2020;-3.20393;-29.46638741
No charge;06.10.2020;9.049841;-5.038409898
Unknown;06.10.2020;31.466428;6.97108194
Cash;05.10.2020;14.532766;7.570214071
Credit card;05.10.2020;17.339565;6.503181934
Dispute;05.10.2020;-2.56597;-72.41125765
No charge;05.10.2020;11;-1.349537843
Unknown;05.10.2020;32.086367;7.489568439
Cash;04.10.2020;14.979562;6.678795499
Credit card;04.10.2020;17.808671;6.118071848
Dispute;04.10.2020;-3.025675;-26.61736447
No charge;04.10.2020;9.790645;-26.22421656
Unknown;04.10.2020;32.122802;5.433574499
Cash;03.10.2020;14.545361;7.199798051
Credit card;03.10.2020;17.230896;5.893675725
Dispute;03.10.2020;-2.52658;-43.9147354
No charge;03.10.2020;9.255414;-1.347071548
Unknown;03.10.2020;30.864657;4.736428946
Cash;02.10.2020;14.650381;8.014867823
Credit card;02.10.2020;17.597349;6.627041802
Dispute;02.10.2020;2.599433;-5.981914675
No charge;02.10.2020;10.525052;-10.61358578
Unknown;02.10.2020;31.611413;6.181898471
Cash;01.10.2020;14.775237;7.665499329
Credit card;01.10.2020;17.819169;6.434500744
Dispute;01.10.2020;-2.250934;-8.599334402
No charge;01.10.2020;8.905407;-7.010285296
Unknown;01.10.2020;31.909966;5.333151492
Cash;30.09.2020;14.525853;7.545231912
Credit card;30.09.2020;17.356525;6.27203916
Dispute;30.09.2020;-1.055497;-15.15002066
No charge;30.09.2020;10.5043;-2.123557005
Unknown;30.09.2020;31.200067;4.752880171
Cash;29.09.2020;14.471485;9.008040715
Credit card;29.09.2020;17.21987;6.689441013
Dispute;29.09.2020;-1.993333;-48.22237591
No charge;29.09.2020;9.065454;-26.28985637
Unknown;29.09.2020;31.984888;5.120007517
Cash;28.09.2020;14.157092;8.343749531
Credit card;28.09.2020;17.274412;6.204560279
Dispute;28.09.2020;-2.929776;-11.65423225
No charge;28.09.2020;13.203909;2.102105812
Unknown;28.09.2020;32.0208;5.710468302
Cash;27.09.2020;14.801878;8.108029639
Credit card;27.09.2020;17.658105;5.775248925
Dispute;27.09.2020;-3.169251;-25.73207038
No charge;27.09.2020;10.13159;1.479434574
Unknown;27.09.2020;31.385722;5.773441865
Cash;26.09.2020;14.370643;7.6744663
Credit card;26.09.2020;17.109764;5.964973339
Dispute;26.09.2020;-2.860251;-16.24316731
No charge;26.09.2020;11.341927;-6.125914334
Unknown;26.09.2020;30.941038;6.928834468
Cash;25.09.2020;14.728447;9.511596844
Credit card;25.09.2020;17.720882;6.18352776
Dispute;25.09.2020;-0.464882;-15.20203162
No charge;25.09.2020;7.6732;-4.75709922
Unknown;25.09.2020;31.933306;6.433774266
Cash;24.09.2020;14.487299;8.399702039
Credit card;24.09.2020;17.577772;6.669715603
Dispute;24.09.2020;-2.759365;-35.96126048
No charge;24.09.2020;8.247316;-14.63004247
Unknown;24.09.2020;31.585098;6.144129495
Cash;23.09.2020;14.380104;8.050776256
Credit card;23.09.2020;17.189835;6.556540635
Dispute;23.09.2020;-1.995561;-35.02877359
No charge;23.09.2020;9.560938;-4.938629982
Unknown;23.09.2020;30.870261;6.145796124
Cash;22.09.2020;14.220017;8.15408817
Credit card;22.09.2020;17.00617;6.219714076
Dispute;22.09.2020;-3.777654;-6.083234468
No charge;22.09.2020;10.707074;0.784194033
Unknown;22.09.2020;31.771293;5.700232557
Cash;21.09.2020;14.397311;7.887944274
Credit card;21.09.2020;17.410062;6.205013077
Dispute;21.09.2020;0.92884;-13.0623155
No charge;21.09.2020;8.999844;-20.49301136
Unknown;21.09.2020;31.703468;6.170032216
Cash;20.09.2020;14.897225;7.843651804
Credit card;20.09.2020;17.981426;5.641619169
Dispute;20.09.2020;-0.538611;-29.4582604
No charge;20.09.2020;10.187954;-10.47531157
Unknown;20.09.2020;31.894799;5.832434083
Cash;19.09.2020;14.380793;8.934878717
Credit card;19.09.2020;17.100481;5.972342381
Dispute;19.09.2020;-1.22209;-16.25029584
No charge;19.09.2020;9.354941;-2.188737501
Unknown;19.09.2020;31.862096;5.788334002
Cash;18.09.2020;14.765843;8.860514337
Credit card;18.09.2020;17.480461;6.80232423
Dispute;18.09.2020;-0.233393;-28.16127792
No charge;18.09.2020;10.278543;-15.83133365
Unknown;18.09.2020;31.678628;5.451941708
Cash;17.09.2020;14.565945;8.325658652
Credit card;17.09.2020;17.362361;6.344163838
Dispute;17.09.2020;-2.132622;-6.365278694
No charge;17.09.2020;7.900505;-33.10468228
Unknown;17.09.2020;31.80368;6.005875238
Cash;16.09.2020;14.152656;8.442640921
Credit card;16.09.2020;17.059327;6.466977482
Dispute;16.09.2020;-1.596083;-20.05465292
No charge;16.09.2020;9.472903;-33.96162387
Unknown;16.09.2020;30.951226;5.751998265
Cash;15.09.2020;14.376174;9.324901546
Credit card;15.09.2020;17.192212;6.274242335
Dispute;15.09.2020;-4.039245;-26.91021645
No charge;15.09.2020;8.631525;-39.86474141
Unknown;15.09.2020;31.776213;7.50285909
Cash;14.09.2020;14.703255;8.581977399
Credit card;14.09.2020;17.348139;6.437994671
Dispute;14.09.2020;-1.303176;-18.71849733
No charge;14.09.2020;12.742709;-16.12528434
Unknown;14.09.2020;32.251993;5.110237172
Cash;13.09.2020;14.877416;6.864841295
Credit card;13.09.2020;18.008554;6.33503154
Dispute;13.09.2020;-4.198402;-19.80646991
No charge;13.09.2020;8.920132;-8.675177227
Unknown;13.09.2020;33.073688;5.318062116
Cash;12.09.2020;14.33071;7.88677389
Credit card;12.09.2020;17.220572;6.383667989
Dispute;12.09.2020;-3.882073;-28.98026832
No charge;12.09.2020;10.372606;-3.70805051
Unknown;12.09.2020;31.158611;6.235371197
Cash;11.09.2020;14.544959;8.415757018
Credit card;11.09.2020;17.601854;6.501578362
Dispute;11.09.2020;-3.939937;-17.40621353
No charge;11.09.2020;9.015477;-1.927037566
Unknown;11.09.2020;31.297541;5.148753218
Cash;10.09.2020;14.252565;9.158743441
Credit card;10.09.2020;17.254404;6.359794865
Dispute;10.09.2020;-2.638613;-85.67892405
No charge;10.09.2020;7.073142;-25.67391544
Unknown;10.09.2020;31.288178;5.831965295
Cash;09.09.2020;14.539255;8.386388086
Credit card;09.09.2020;17.48254;6.467761581
Dispute;09.09.2020;-0.090617;-7.304540433
No charge;09.09.2020;13.806238;-0.237999982
Unknown;09.09.2020;31.310894;4.962730245
Cash;08.09.2020;14.422529;7.630534166
Credit card;08.09.2020;17.66096;6.167395495
Dispute;08.09.2020;-3.144732;-27.02814287
No charge;08.09.2020;11.24564;-7.971931789
Unknown;08.09.2020;32.208518;8.453366617
Cash;07.09.2020;15.105231;7.558333661
Credit card;07.09.2020;19.194305;5.545026268
Dispute;07.09.2020;-0.071875;-6.908256937
No charge;07.09.2020;11.226091;-21.92079762
Unknown;07.09.2020;32.04392;4.817914863
Cash;06.09.2020;15.016338;6.547513692
Credit card;06.09.2020;18.390931;5.469203419
Dispute;06.09.2020;-2.415652;-16.36894149
No charge;06.09.2020;9.428282;-2.937573499
Unknown;06.09.2020;33.520953;5.008082833
Cash;05.09.2020;14.726007;7.733442549
Credit card;05.09.2020;17.663137;5.893641658
Dispute;05.09.2020;-2.662653;-66.36470051
No charge;05.09.2020;10.66285;-3.308620435
Unknown;05.09.2020;32.707254;5.902866413
Cash;04.09.2020;14.61688;8.727787136
Credit card;04.09.2020;17.826887;6.302247382
Dispute;04.09.2020;-0.160408;-32.02765717
No charge;04.09.2020;11.667326;-20.54127801
Unknown;04.09.2020;31.794937;6.284112527
Cash;03.09.2020;14.526972;7.519405041
Credit card;03.09.2020;17.440671;6.447809532
Dispute;03.09.2020;-2.597058;-15.637672
No charge;03.09.2020;11.661634;-4.994987295
Unknown;03.09.2020;31.870346;5.472264677
Cash;02.09.2020;14.39245;8.151714462
Credit card;02.09.2020;17.165058;6.185552325
Dispute;02.09.2020;-2.793133;-18.6868162
No charge;02.09.2020;10.453152;-0.571155654
Unknown;02.09.2020;31.710306;5.900922063
Cash;01.09.2020;14.480698;8.481957444
Credit card;01.09.2020;17.605136;6.317734112
Dispute;01.09.2020;0.147318;-4.545526245
No charge;01.09.2020;10.314698;-15.51380792
Unknown;01.09.2020;31.825934;5.816559129
Cash;31.08.2020;14.961229;7.689170162
Credit card;31.08.2020;18.116891;6.273081152
Dispute;31.08.2020;1.714964;-41.60043292
No charge;31.08.2020;10.6503;1.024315008
Unknown;31.08.2020;33.09838;5.555883992
Cash;30.08.2020;15.523129;7.838619455
Credit card;30.08.2020;18.813504;5.914686979
Dispute;30.08.2020;0.987157;-10.21851501
No charge;30.08.2020;16.560941;-1.843736954
Unknown;30.08.2020;38.697319;5.656331786
Cash;29.08.2020;14.767205;7.540372334
Credit card;29.08.2020;17.63307;5.902360928
Dispute;29.08.2020;2.520555;-35.8840509
No charge;29.08.2020;10.20279;-30.60124499
Unknown;29.08.2020;38.24619;7.089065817
Cash;28.08.2020;14.959563;8.116396505
Credit card;28.08.2020;17.80508;6.045679069
Dispute;28.08.2020;3.066621;-4.444741301
No charge;28.08.2020;10.281524;-2.133026617
Unknown;28.08.2020;37.04749;5.35431364
Cash;27.08.2020;14.837024;6.937923796
Credit card;27.08.2020;17.848746;6.764882567
Dispute;27.08.2020;-0.44909;-16.6108683
No charge;27.08.2020;12.740601;-0.755630699
Unknown;27.08.2020;37.298321;5.472189327
Cash;26.08.2020;14.821358;7.41171701
Credit card;26.08.2020;17.637612;6.354327263
Dispute;26.08.2020;-1.436379;-28.73996341
No charge;26.08.2020;11.912893;-3.592569411
Unknown;26.08.2020;37.110198;7.63188902
Cash;25.08.2020;14.571041;8.387308394
Credit card;25.08.2020;17.304682;6.503914506
Dispute;25.08.2020;-2.246774;-91.28260569
No charge;25.08.2020;9.367415;-6.65612639
Unknown;25.08.2020;37.932715;8.508209368
Cash;24.08.2020;14.632003;8.855069505
Credit card;24.08.2020;17.692552;6.306399539
Dispute;24.08.2020;-2.247342;-35.65397783
No charge;24.08.2020;10.094099;-20.67975245
Unknown;24.08.2020;36.78622;7.55470596
Unknown;24.08.2020;11.3;5.401163019
Cash;23.08.2020;15.45105;8.148420503
Credit card;23.08.2020;18.931545;5.673366373
Dispute;23.08.2020;-6.178636;-40.31492169
No charge;23.08.2020;11.911381;1.080866296
Unknown;23.08.2020;38.694915;4.333765438
Cash;22.08.2020;14.271664;7.394758788
Credit card;22.08.2020;17.899165;5.582591377
Dispute;22.08.2020;-2.959629;-3.536855551
No charge;22.08.2020;9.306242;-7.962524142
Unknown;22.08.2020;38.45445;7.809270308
Cash;21.08.2020;14.74992;7.796900121
Credit card;21.08.2020;17.868746;6.360183972
Dispute;21.08.2020;0.42937;-55.31279881
No charge;21.08.2020;10.874099;-0.295341317
Unknown;21.08.2020;37.481344;6.240799263
Cash;20.08.2020;14.679938;8.435444581
Credit card;20.08.2020;17.744054;5.987672724
Dispute;20.08.2020;-0.751343;-17.59089438
No charge;20.08.2020;10.451183;-13.30483325
Unknown;20.08.2020;37.31242;8.106065844
Cash;19.08.2020;14.563799;7.849306642
Credit card;19.08.2020;17.521568;6.093330753
Dispute;19.08.2020;0.060619;-48.74967312
No charge;19.08.2020;10.482663;-2.670409505
Unknown;19.08.2020;37.280579;7.721361179
Cash;18.08.2020;14.677678;8.072883635
Credit card;18.08.2020;17.669465;6.187892372
Dispute;18.08.2020;-2.239842;-15.33905222
No charge;18.08.2020;8.616772;-22.63041888
Unknown;18.08.2020;37.843943;6.217173531
Cash;17.08.2020;14.649372;7.112966795
Credit card;17.08.2020;17.945746;6.266979169
Dispute;17.08.2020;-2.647833;-32.68872746
No charge;17.08.2020;10.057938;-3.816766254
Unknown;17.08.2020;37.953602;8.611335623
Cash;16.08.2020;15.626864;9.374757399
Credit card;16.08.2020;19.198467;5.681817788
Dispute;16.08.2020;-2.875405;-20.45784339
No charge;16.08.2020;12.504144;-7.685641576
Unknown;16.08.2020;40.005607;8.943300262
Cash;15.08.2020;14.839129;6.781688555
Credit card;15.08.2020;17.97292;5.555694646
Dispute;15.08.2020;-1.732027;-17.03262182
No charge;15.08.2020;10.826421;-3.533923664
Unknown;15.08.2020;38.921179;5.448068939
Cash;14.08.2020;14.787451;8.449757098
Credit card;14.08.2020;17.944822;6.09024324
Dispute;14.08.2020;-0.090764;-3.939826393
No charge;14.08.2020;782.942892;582.0354329
Unknown;14.08.2020;37.763402;5.490544547
Cash;13.08.2020;14.532469;8.169068057
Credit card;13.08.2020;17.6116;6.166215865
Dispute;13.08.2020;-2.617947;-12.88199571
No charge;13.08.2020;11.24175;-3.132539818
Unknown;13.08.2020;37.533373;6.057047888
Cash;12.08.2020;14.316185;8.455109935
Credit card;12.08.2020;17.499888;6.646186076
Dispute;12.08.2020;1.792751;-28.27573348
No charge;12.08.2020;9.73617;-10.79900005
Unknown;12.08.2020;37.924087;6.03693688
Cash;11.08.2020;14.076043;7.298189319
Credit card;11.08.2020;17.182276;6.177091004
Dispute;11.08.2020;-0.540349;-42.80981217
No charge;11.08.2020;10.542131;-18.56815427
Unknown;11.08.2020;38.779642;10.18678555
Cash;10.08.2020;14.402981;7.031610044
Credit card;10.08.2020;17.63147;6.0405028
Dispute;10.08.2020;0.817433;-39.53239004
No charge;10.08.2020;10.903282;-8.689629454
Unknown;10.08.2020;37.433811;5.416403402
Cash;09.08.2020;15.197011;7.185501768
Credit card;09.08.2020;18.760449;6.711655212
Dispute;09.08.2020;-4.212111;-20.67014888
No charge;09.08.2020;11.688347;-17.17037086
Unknown;09.08.2020;39.143725;4.502742424
Cash;08.08.2020;14.354147;7.330340717
Credit card;08.08.2020;17.406896;5.944888636
Dispute;08.08.2020;-0.615333;-9.37810795
No charge;08.08.2020;8.904662;-41.73312044
Unknown;08.08.2020;39.204261;5.548968732
Cash;07.08.2020;14.70539;8.585896012
Credit card;07.08.2020;17.722888;6.474461243
Dispute;07.08.2020;-2.035145;-50.17496814
No charge;07.08.2020;8.947765;-6.525281001
Unknown;07.08.2020;38.799393;6.929979516
Cash;06.08.2020;14.539788;8.043915272
Credit card;06.08.2020;17.424882;6.4652351
Dispute;06.08.2020;2.538353;-8.865371373
No charge;06.08.2020;10.054897;-5.784548107
Unknown;06.08.2020;38.193939;6.108381069
Cash;05.08.2020;14.742634;8.74719792
Credit card;05.08.2020;17.850472;6.191798761
Dispute;05.08.2020;2.368916;-43.75687408
No charge;05.08.2020;10.39;-0.479695734
Unknown;05.08.2020;38.806248;8.108295379
Cash;04.08.2020;14.588377;8.130568596
Credit card;04.08.2020;17.817332;5.943971549
Dispute;04.08.2020;-3.296969;-43.49690423
No charge;04.08.2020;8.001685;-26.21945126
Unknown;04.08.2020;40.198065;6.209919851
Cash;03.08.2020;14.225524;8.760042359
Credit card;03.08.2020;17.52771;6.145023582
Dispute;03.08.2020;0.299629;-16.65399501
No charge;03.08.2020;10.47882;-16.46233254
Unknown;03.08.2020;37.90195;4.563240178
Cash;02.08.2020;15.140159;6.190768485
Credit card;02.08.2020;18.604114;6.335887603
Dispute;02.08.2020;-1.330111;-16.03607741
No charge;02.08.2020;10.01124;-5.76829934
Unknown;02.08.2020;40.640702;5.6349274
Cash;01.08.2020;14.62812;6.92412818
Credit card;01.08.2020;18.102476;5.733938324
Dispute;01.08.2020;1.173645;-21.70105374
No charge;01.08.2020;12.175255;-3.880042289
Unknown;01.08.2020;38.200256;6.348026637
Cash;31.07.2020;14.75275;8.301753026
Credit card;31.07.2020;18.627485;6.205894491
Dispute;31.07.2020;-1.270849;-32.96193871
No charge;31.07.2020;12.22224;-13.41666369
Unknown;31.07.2020;38.384488;13.1383318
Cash;30.07.2020;14.264164;8.967923864
Credit card;30.07.2020;17.419706;5.982874535
Dispute;30.07.2020;2.461111;-49.2790065
No charge;30.07.2020;9.087702;-11.87754734
Unknown;30.07.2020;38.672672;9.731039169
Cash;29.07.2020;14.481187;7.677476147
Credit card;29.07.2020;17.197314;6.335450444
Dispute;29.07.2020;-1.648521;-20.21784572
No charge;29.07.2020;12.156793;-1.2159278
Unknown;29.07.2020;38.225645;6.715326819
Cash;28.07.2020;14.032078;8.256658978
Credit card;28.07.2020;17.14653;6.249619167
Dispute;28.07.2020;-3.786867;-55.30943095
No charge;28.07.2020;6.587767;-10.85783645
Unknown;28.07.2020;39.647704;6.2433396
Cash;27.07.2020;14.032042;6.369913339
Credit card;27.07.2020;17.441;6.370638408
Dispute;27.07.2020;0.585975;-5.473908505
No charge;27.07.2020;9.03258;-4.648456557
Unknown;27.07.2020;39.272936;7.623410821
Cash;26.07.2020;15.300808;7.613935355
Credit card;26.07.2020;18.917299;6.156984075
Dispute;26.07.2020;-4.431549;-0.591171782
No charge;26.07.2020;13.643178;-4.800350834
Unknown;26.07.2020;39.538639;9.964944668
Cash;25.07.2020;14.393952;9.60986414
Credit card;25.07.2020;17.816843;6.209552301
Dispute;25.07.2020;-0.304606;-127.6669645
No charge;25.07.2020;11.330503;-2.655035733
Unknown;25.07.2020;38.778008;6.878028334
Cash;24.07.2020;14.534567;7.948657835
Credit card;24.07.2020;17.875872;5.844269257
Dispute;24.07.2020;-1.062912;-10.13077923
No charge;24.07.2020;8.90201;-25.09467856
Unknown;24.07.2020;39.378359;7.982558401
Cash;23.07.2020;14.211186;7.479969795
Credit card;23.07.2020;17.357924;6.075672352
Dispute;23.07.2020;-4.226315;-25.10378895
No charge;23.07.2020;11.937211;-1.19308866
Unknown;23.07.2020;39.539829;9.47932291
Cash;22.07.2020;14.147375;7.51895666
Credit card;22.07.2020;17.4738;6.209095738
Dispute;22.07.2020;1.404666;-2.137139715
No charge;22.07.2020;9.80745;-0.690721176
Unknown;22.07.2020;38.491482;9.701413862
Cash;21.07.2020;14.145343;7.537378222
Credit card;21.07.2020;17.410539;6.183076903
Dispute;21.07.2020;0.255673;-8.381237425
No charge;21.07.2020;9.051929;-4.037587408
Unknown;21.07.2020;38.535516;10.32692785
Cash;20.07.2020;14.157818;7.258664919
Credit card;20.07.2020;17.720156;6.637907809
Dispute;20.07.2020;-1.085376;-58.5136563
No charge;20.07.2020;11.975589;3.350867739
Unknown;20.07.2020;39.650411;8.143336807
Cash;19.07.2020;15.301221;7.773344524
Credit card;19.07.2020;19.119198;5.370865111
Dispute;19.07.2020;0.409887;-20.18582868
No charge;19.07.2020;11.731481;-6.397371781
Unknown;19.07.2020;40.593017;5.97320391
Cash;18.07.2020;14.272106;7.370542216
Credit card;18.07.2020;17.846014;5.529451397
Dispute;18.07.2020;-3.685432;-50.25399055
No charge;18.07.2020;10.703221;2.337698367
Unknown;18.07.2020;40.388212;4.833678119
Cash;17.07.2020;14.500031;7.772831544
Credit card;17.07.2020;17.838523;6.118548361
Dispute;17.07.2020;-2.426666;-35.68006134
No charge;17.07.2020;9.632452;-1.501015053
Unknown;17.07.2020;39.222771;7.545482498
Cash;16.07.2020;14.52879;9.345383242
Credit card;16.07.2020;17.882771;6.225215375
Dispute;16.07.2020;-4.30656;-17.10297714
No charge;16.07.2020;11.129114;-1.167573821
Unknown;16.07.2020;39.766981;8.562816791
Cash;15.07.2020;14.652741;7.752691517
Credit card;15.07.2020;17.718984;6.502020783
Dispute;15.07.2020;-0.789684;-38.73934031
No charge;15.07.2020;11.892962;-8.897242097
Unknown;15.07.2020;39.407837;5.435866694
Cash;14.07.2020;14.252856;8.875273862
Credit card;14.07.2020;17.567991;6.454737229
Dispute;14.07.2020;0.046134;-8.12384342
No charge;14.07.2020;10.950571;-39.19039325
Unknown;14.07.2020;38.961517;8.065522166
Cash;13.07.2020;14.463071;7.71940832
Credit card;13.07.2020;18.071186;6.144272765
Dispute;13.07.2020;-1.362083;-45.01884419
No charge;13.07.2020;9.322751;-18.52736059
Unknown;13.07.2020;36.806509;5.826148259
Cash;12.07.2020;15.24086;9.696264334
Credit card;12.07.2020;19.25011;6.01338943
Dispute;12.07.2020;2.26518;-68.50203487
No charge;12.07.2020;14.314078;0.951649426
Unknown;12.07.2020;39.623932;6.956160926
Cash;11.07.2020;14.108638;8.936017865
Credit card;11.07.2020;17.778228;6.309152542
Dispute;11.07.2020;1.954444;-76.79404421
No charge;11.07.2020;11.710378;3.07842394
Unknown;11.07.2020;40.03244;5.179402106
Cash;10.07.2020;14.507978;8.956790373
Credit card;10.07.2020;17.720272;5.992429019
Dispute;10.07.2020;2.282389;-3.027213298
No charge;10.07.2020;10.680512;-3.948851697
Unknown;10.07.2020;38.525953;6.33646837
Cash;09.07.2020;14.437731;6.874053728
Credit card;09.07.2020;17.956746;5.957557757
Dispute;09.07.2020;4.289352;-5.90989492
No charge;09.07.2020;10.145405;1.95020531
Unknown;09.07.2020;40.230774;7.259340516
Cash;08.07.2020;14.496231;8.165162839
Credit card;08.07.2020;17.734547;5.968769994
Dispute;08.07.2020;3.714105;-36.85846181
No charge;08.07.2020;10.500394;-0.058764078
Unknown;08.07.2020;39.181771;10.04960489
Cash;07.07.2020;14.534282;7.336237482
Credit card;07.07.2020;17.923413;5.958307015
Dispute;07.07.2020;-1.661414;-9.641349625
No charge;07.07.2020;11.093081;-3.515433049
Unknown;07.07.2020;40.186578;7.0983251
Cash;06.07.2020;14.617728;6.597888568
Credit card;06.07.2020;18.533513;6.244692148
Dispute;06.07.2020;2.293846;-7.88203112
No charge;06.07.2020;13.046839;2.021624633
Unknown;06.07.2020;37.213523;6.779070649
Cash;05.07.2020;15.331922;8.656764367
Credit card;05.07.2020;20.463765;5.381943228
Dispute;05.07.2020;-0.290789;-8.797758035
No charge;05.07.2020;10.816564;-28.6674466
Unknown;05.07.2020;39.472446;12.95863797
Cash;04.07.2020;15.026535;6.808539879
Credit card;04.07.2020;18.448324;5.489584558
Dispute;04.07.2020;10.428823;0.346085928
No charge;04.07.2020;10.038301;-3.153478857
Unknown;04.07.2020;39.086671;6.627805056
Cash;03.07.2020;14.119954;8.911141325
Credit card;03.07.2020;18.017488;6.787363153
Dispute;03.07.2020;1.840192;-34.6255269
No charge;03.07.2020;9.927444;-0.672383576
Unknown;03.07.2020;40.600267;7.486497702
Cash;02.07.2020;14.690892;10.64029043
Credit card;02.07.2020;18.709734;6.032277166
Dispute;02.07.2020;-2.864941;-55.10940497
No charge;02.07.2020;10.455086;-5.771963838
Unknown;02.07.2020;39.320305;6.629200245
Cash;01.07.2020;14.534474;7.103901422
Credit card;01.07.2020;18.062925;6.391705554
Dispute;01.07.2020;3.518431;-7.798820099
No charge;01.07.2020;9.05315;-0.492438956
Unknown;01.07.2020;39.812649;10.54462667
Cash;30.06.2020;14.43328;7.372713673
Credit card;30.06.2020;18.135322;5.996125077
Dispute;30.06.2020;3.104871;-16.17391342
No charge;30.06.2020;11.606804;-7.832429452
Unknown;30.06.2020;38.364471;9.485362649
Cash;29.06.2020;14.588135;7.857130444
Credit card;29.06.2020;18.270672;6.331665758
Dispute;29.06.2020;-1.835301;-77.83357729
No charge;29.06.2020;9.931625;-4.06453173
Unknown;29.06.2020;39.076923;9.065467982
Cash;28.06.2020;15.169711;9.226851317
Credit card;28.06.2020;18.883712;5.561366054
Dispute;28.06.2020;-7.666363;-89.78938229
No charge;28.06.2020;8.206666;-24.31432512
Unknown;28.06.2020;39.661706;6.45702457
Cash;27.06.2020;14.438424;7.892490656
Credit card;27.06.2020;18.08579;6.25254671
Dispute;27.06.2020;-4.984444;-80.0643133
No charge;27.06.2020;11.94336;5.38096703
Unknown;27.06.2020;39.192039;5.173176206
Cash;26.06.2020;14.673022;8.31584042
Credit card;26.06.2020;18.442352;6.159293611
Dispute;26.06.2020;3.355932;-7.887354703
No charge;26.06.2020;13.061928;4.407904822
Unknown;26.06.2020;38.531948;5.97096378
Cash;25.06.2020;14.54036;7.352041153
Credit card;25.06.2020;18.314813;5.91192121
Dispute;25.06.2020;-1.491369;-51.90026311
No charge;25.06.2020;13.251778;4.400547269
Unknown;25.06.2020;39.511393;6.622314091
Cash;24.06.2020;14.364812;7.397863915
Credit card;24.06.2020;17.99019;6.005459081
Dispute;24.06.2020;0.75989;-9.860664201
No charge;24.06.2020;13.131274;0.103921195
Unknown;24.06.2020;40.35187;10.29112381
Cash;23.06.2020;14.194239;7.739276008
Credit card;23.06.2020;17.7831;6.204200836
Dispute;23.06.2020;-1.904516;-2.944999169
No charge;23.06.2020;11.560143;3.227001363
Unknown;23.06.2020;40.041596;10.15071512
Cash;22.06.2020;14.056988;7.091758005
Credit card;22.06.2020;18.13694;5.908282607
Dispute;22.06.2020;0.378656;-0.341897042
No charge;22.06.2020;13.748342;-13.26922644
Unknown;22.06.2020;39.503926;10.35281992
Cash;21.06.2020;15.337302;7.172683297
Credit card;21.06.2020;20.323213;5.559376182
Dispute;21.06.2020;1.3394;-14.9076969
No charge;21.06.2020;12.892222;-0.155357811
Unknown;21.06.2020;40.768289;10.52928372
Cash;20.06.2020;14.540386;7.376633197
Credit card;20.06.2020;18.491664;5.449969421
Dispute;20.06.2020;-1.862549;-73.01093709
No charge;20.06.2020;11.922708;2.506822674
Unknown;20.06.2020;40.316339;9.234820154
Cash;19.06.2020;14.507409;7.910242823
Credit card;19.06.2020;18.678702;5.777520102
Dispute;19.06.2020;-1.465217;-47.90235932
No charge;19.06.2020;10.974469;-21.09066316
Unknown;19.06.2020;39.003886;8.114035148
Cash;18.06.2020;14.495585;7.117808655
Credit card;18.06.2020;18.13288;6.60579126
Dispute;18.06.2020;0.810256;1.222077252
No charge;18.06.2020;11.60247;0.952077454
Unknown;18.06.2020;41.134769;6.70457482
Cash;17.06.2020;14.136148;8.966655132
Credit card;17.06.2020;17.94468;5.890846335
Dispute;17.06.2020;2.061746;-57.33864747
No charge;17.06.2020;10.047234;-18.81116494
Unknown;17.06.2020;40.669279;5.658645466
Cash;16.06.2020;14.225527;6.519466795
Credit card;16.06.2020;17.991153;6.309910744
Dispute;16.06.2020;3.575308;-5.115871492
No charge;16.06.2020;12.45228;6.186422243
Unknown;16.06.2020;40.477813;7.424982188
Cash;15.06.2020;14.718503;9.169204283
Credit card;15.06.2020;18.416458;5.75870953
Dispute;15.06.2020;2.8425;-30.34682521
No charge;15.06.2020;12.333076;-18.98636401
Unknown;15.06.2020;40.017447;6.89532849
Cash;14.06.2020;15.328164;8.923625959
Credit card;14.06.2020;19.823534;6.208984308
Dispute;14.06.2020;-2.020689;-34.01671279
No charge;14.06.2020;10.641707;-5.968841728
Unknown;14.06.2020;31.838144;3.80399295
Cash;13.06.2020;14.132622;8.419517178
Credit card;13.06.2020;18.188667;5.703749952
Dispute;13.06.2020;4.625666;-21.94928873
No charge;13.06.2020;9.01728;-36.48894505
Unknown;13.06.2020;30.939124;3.892445055
Cash;12.06.2020;13.960993;6.576587878
Credit card;12.06.2020;18.302845;5.921755433
Dispute;12.06.2020;1.059285;-11.55144992
No charge;12.06.2020;9.724093;-0.052480393
Unknown;12.06.2020;31.372638;5.432723667
Cash;11.06.2020;14.050079;9.380336228
Credit card;11.06.2020;17.613001;5.80053436
Dispute;11.06.2020;6.301111;-5.378676302
No charge;11.06.2020;10.580359;-24.12610731
Unknown;11.06.2020;32.505023;6.382975577
Unknown;11.06.2020;20.72;4.206737471
Cash;10.06.2020;13.791177;7.295981477
Credit card;10.06.2020;17.441354;5.946834501
Dispute;10.06.2020;1.828529;-4.176242529
No charge;10.06.2020;11.326232;4.218899179
Unknown;10.06.2020;31.709572;5.371397274
Cash;09.06.2020;14.008752;7.64588668
Credit card;09.06.2020;17.778245;6.319224291
Dispute;09.06.2020;-3.436393;-14.36774143
No charge;09.06.2020;10.872405;-1.443413826
Unknown;09.06.2020;31.127224;4.263132046
Cash;08.06.2020;13.9106;7.511628068
Credit card;08.06.2020;17.858267;6.711220941
Dispute;08.06.2020;0.38923;-30.2869411
No charge;08.06.2020;12.159793;-4.87954774
Unknown;08.06.2020;32.56837;3.404279678
Unknown;08.06.2020;31.8;2.037077631
Cash;07.06.2020;14.933867;7.334726214
Credit card;07.06.2020;19.740879;7.057655307
Dispute;07.06.2020;-4.024;-24.52077392
No charge;07.06.2020;13.266744;2.088090676
Unknown;07.06.2020;32.833849;9.468421403
Cash;06.06.2020;14.869749;9.66543689
Credit card;06.06.2020;19.728712;6.569495206
Dispute;06.06.2020;5.652295;-8.485158655
No charge;06.06.2020;10.643855;-1.739544838
Unknown;06.06.2020;32.444706;7.234137543
Cash;05.06.2020;14.478365;9.375032548
Credit card;05.06.2020;19.403725;5.902757792
Dispute;05.06.2020;2.59614;14.55870747
No charge;05.06.2020;10.963262;-6.91386186
Unknown;05.06.2020;31.534705;5.12429938
Cash;04.06.2020;13.957372;6.321023711
Credit card;04.06.2020;18.399931;6.100766575
Dispute;04.06.2020;2.914528;0.306085249
No charge;04.06.2020;13.739583;-7.436856711
Unknown;04.06.2020;30.432186;7.235045341
Cash;03.06.2020;13.834279;7.568124207
Credit card;03.06.2020;17.773197;5.893667367
Dispute;03.06.2020;-0.101449;-0.584670971
No charge;03.06.2020;11.105109;1.437468022
Unknown;03.06.2020;31.210063;6.11068963
Cash;02.06.2020;13.945373;8.148213511
Credit card;02.06.2020;18.647638;5.725758048
Dispute;02.06.2020;1.007285;-6.104614272
No charge;02.06.2020;11.175798;-0.651404594
Unknown;02.06.2020;33.604704;7.183407087
Cash;01.06.2020;14.23202;7.436685319
Credit card;01.06.2020;18.138538;5.767859201
Dispute;01.06.2020;0.444905;-0.434263424
No charge;01.06.2020;12.147862;2.511544582
Unknown;01.06.2020;33.479689;3.562465245
Cash;31.05.2020;14.915877;5.558727306
Credit card;31.05.2020;18.446128;6.978805107
Dispute;31.05.2020;2.110638;-19.78650591
No charge;31.05.2020;13.692602;4.247281028
Unknown;31.05.2020;33.786832;9.267558715
Cash;30.05.2020;14.340148;6.717652061
Credit card;30.05.2020;17.527466;5.461666977
Dispute;30.05.2020;2.163043;0.876979696
No charge;30.05.2020;11.492763;-3.502592322
Unknown;30.05.2020;32.450397;7.041298608
Cash;29.05.2020;13.890588;8.061831814
Credit card;29.05.2020;17.49755;6.25382515
Dispute;29.05.2020;-2.485185;-9.399216499
No charge;29.05.2020;10.681698;1.038949176
Unknown;29.05.2020;31.866674;7.075717813
Cash;28.05.2020;13.913997;8.850097543
Credit card;28.05.2020;17.27553;5.605921151
Dispute;28.05.2020;-1.025862;-2.450701655
No charge;28.05.2020;11.561206;2.61000609
Unknown;28.05.2020;33.046854;4.600561118
Cash;27.05.2020;13.63803;6.437660662
Credit card;27.05.2020;17.441702;5.632483747
Dispute;27.05.2020;4.177241;-12.84064311
No charge;27.05.2020;6.071153;-2.443567388
Unknown;27.05.2020;31.917486;4.276632424
Cash;26.05.2020;13.736568;7.243305934
Credit card;26.05.2020;17.692415;5.857846139
Dispute;26.05.2020;1.29;-1.808696272
No charge;26.05.2020;9.724761;4.01292502
Unknown;26.05.2020;31.649039;5.805254447
Cash;25.05.2020;13.840466;9.169627842
Credit card;25.05.2020;17.785127;5.98499385
Dispute;25.05.2020;1.36;0.244348188
No charge;25.05.2020;11.659836;1.441591312
Unknown;25.05.2020;34.524816;5.235936666
Cash;24.05.2020;14.461536;10.59583046
Credit card;24.05.2020;17.962764;5.136869538
Dispute;24.05.2020;-3.3624;-2.729712751
No charge;24.05.2020;8.94909;-2.093063989
Unknown;24.05.2020;32.800268;2.836309339
Cash;23.05.2020;13.864716;9.602963631
Credit card;23.05.2020;17.554907;5.582074197
Dispute;23.05.2020;-4.34186;-117.0990535
No charge;23.05.2020;14.206;0.567801331
Unknown;23.05.2020;31.837169;2.870014296
Cash;22.05.2020;13.725928;8.073300759
Credit card;22.05.2020;17.67056;6.347698566
Dispute;22.05.2020;1.373235;-27.82956339
No charge;22.05.2020;15.888129;-2.14979002
Unknown;22.05.2020;32.635655;5.859067466
Cash;21.05.2020;13.684147;7.898336018
Credit card;21.05.2020;17.384402;5.917311654
Dispute;21.05.2020;0.031147;-2.969143694
No charge;21.05.2020;10.507631;1.422768471
Unknown;21.05.2020;31.79277;3.767752162
Cash;20.05.2020;13.584408;7.478678318
Credit card;20.05.2020;17.469587;5.648679877
Dispute;20.05.2020;-2.765892;-36.69458145
No charge;20.05.2020;11.577322;4.639039374
Unknown;20.05.2020;31.477056;4.501324359
Cash;19.05.2020;13.447755;9.639994401
Credit card;19.05.2020;17.299773;5.537249875
Dispute;19.05.2020;10.330483;4.511329754
No charge;19.05.2020;9.119281;-24.96089919
Unknown;19.05.2020;32.32263;4.662553042
Cash;18.05.2020;13.498857;8.477685816
Credit card;18.05.2020;17.295014;5.841022915
Dispute;18.05.2020;2.791666;-2.529395308
No charge;18.05.2020;9.494035;-1.043634836
Unknown;18.05.2020;29.760294;4.002415672
Cash;17.05.2020;14.426326;6.785234542
Credit card;17.05.2020;17.896841;5.448420052
Dispute;17.05.2020;-0.336037;-1.553083025
No charge;17.05.2020;14.277125;3.8047781
Unknown;17.05.2020;29.689488;3.968789093
Cash;16.05.2020;13.774404;6.149308553
Credit card;16.05.2020;17.424906;5.356019017
Dispute;16.05.2020;9.487916;-10.44575618
No charge;16.05.2020;10.073829;0.092842362
Unknown;16.05.2020;30.11329;6.636963225
Cash;15.05.2020;13.670263;7.965906245
Credit card;15.05.2020;17.441522;6.175001157
Dispute;15.05.2020;-1.442244;-138.8087592
No charge;15.05.2020;13.540694;-0.213893225
Unknown;15.05.2020;30.64157;5.039452102
Cash;14.05.2020;13.585239;7.803640465
Credit card;14.05.2020;17.274055;5.679595413
Dispute;14.05.2020;-0.017142;-23.26812263
No charge;14.05.2020;10.289032;5.619903867
Unknown;14.05.2020;30.547852;6.902150442
Cash;13.05.2020;13.420051;6.394581955
Credit card;13.05.2020;17.110346;5.599606837
Dispute;13.05.2020;-0.835322;-4.618460783
No charge;13.05.2020;12.868067;2.47552822
Unknown;13.05.2020;29.427467;6.676175451
Cash;12.05.2020;13.712303;5.919500713
Credit card;12.05.2020;16.884037;5.534667095
Dispute;12.05.2020;5.045238;4.493214364
No charge;12.05.2020;11.365714;-15.10157689
Unknown;12.05.2020;30.355886;5.581934525
Cash;11.05.2020;13.647194;6.121877601
Credit card;11.05.2020;16.716874;5.77207381
Dispute;11.05.2020;12.17619;-3.561461561
No charge;11.05.2020;12.137473;3.51546016
Unknown;11.05.2020;30.829579;5.685223207
Cash;10.05.2020;13.872197;9.580888445
Credit card;10.05.2020;17.810345;7.223596356
Dispute;10.05.2020;16.22;-68.61529771
No charge;10.05.2020;10.198554;2.185005778
Unknown;10.05.2020;29.919297;3.78757025
Cash;09.05.2020;13.383242;10.0800728
Credit card;09.05.2020;16.963091;6.525657433
Dispute;09.05.2020;2.223076;-92.59959204
No charge;09.05.2020;11.398192;4.262165556
Unknown;09.05.2020;29.415527;3.711612585
Cash;08.05.2020;13.335534;6.887227016
Credit card;08.05.2020;16.552914;6.202832729
Dispute;08.05.2020;1.5;-0.158359546
No charge;08.05.2020;8.890236;-7.817099273
Unknown;08.05.2020;29.867204;7.964288887
Cash;07.05.2020;13.34422;6.615345602
Credit card;07.05.2020;17.183618;5.541119087
Dispute;07.05.2020;1.358301;-8.809933086
No charge;07.05.2020;12.782314;7.806576078
Unknown;07.05.2020;31.049544;8.776981383
Cash;06.05.2020;13.36394;7.223163613
Credit card;06.05.2020;17.03015;5.728720373
Dispute;06.05.2020;0.047777;-36.47577068
No charge;06.05.2020;12.417692;-0.188963835
Unknown;06.05.2020;28.888906;5.292275255
Cash;05.05.2020;13.735958;6.441725048
Credit card;05.05.2020;17.39569;6.826530504
Dispute;05.05.2020;0.045238;-4.330864324
No charge;05.05.2020;28.769;37.81034871
Unknown;05.05.2020;29.344602;6.273706722
Cash;04.05.2020;13.333164;6.311299199
Credit card;04.05.2020;16.762832;5.993470666
Dispute;04.05.2020;4.481481;-5.804114002
No charge;04.05.2020;12.190924;3.86444394
Unknown;04.05.2020;28.730015;8.74094888
Cash;03.05.2020;13.647234;6.440369937
Credit card;03.05.2020;17.00223;7.422972301
Dispute;03.05.2020;1.730303;-49.2520246
No charge;03.05.2020;10.870666;5.303952602
Unknown;03.05.2020;28.667881;4.012314496
Cash;02.05.2020;13.552079;7.106083759
Credit card;02.05.2020;16.433774;5.588412433
Dispute;02.05.2020;4.363934;-56.87647297
No charge;02.05.2020;12.636962;0.242356994
Unknown;02.05.2020;29.061496;6.988698575
Cash;01.05.2020;13.315193;6.864220526
Credit card;01.05.2020;17.056893;5.949937888
Dispute;01.05.2020;14.056065;-16.27452272
No charge;01.05.2020;11.070629;5.288596658
Unknown;01.05.2020;28.722413;4.970188198
Cash;30.04.2020;13.546671;6.487777573
Credit card;30.04.2020;16.909297;6.039233186
Dispute;30.04.2020;0.235555;-36.19964604
No charge;30.04.2020;12.462434;2.662899919
Unknown;30.04.2020;29.467874;6.871784418
Cash;29.04.2020;13.166303;5.980807048
Credit card;29.04.2020;16.780699;5.718922091
Dispute;29.04.2020;5.48;-14.24181703
No charge;29.04.2020;8.938585;-1.215119233
Unknown;29.04.2020;29.961293;5.8880543
Cash;28.04.2020;13.045817;5.681893626
Credit card;28.04.2020;16.844376;6.288909115
Dispute;28.04.2020;1.315909;1.515098162
No charge;28.04.2020;8.807594;0.117739316
Unknown;28.04.2020;29.921581;3.742526375
Cash;27.04.2020;12.966303;6.219643514
Credit card;27.04.2020;16.588603;5.642768559
Dispute;27.04.2020;-0.314705;-1.609337479
No charge;27.04.2020;10.001123;1.832336824
Unknown;27.04.2020;29.068432;8.340319995
Cash;26.04.2020;14.545527;7.32251988
Credit card;26.04.2020;17.253962;5.632599035
Dispute;26.04.2020;4.9;-5.773904322
No charge;26.04.2020;11.032166;1.222968909
Unknown;26.04.2020;31.019162;3.194114858
Cash;25.04.2020;13.056016;6.762793792
Credit card;25.04.2020;16.629383;5.67612299
Dispute;25.04.2020;3.110243;-0.586420837
No charge;25.04.2020;12.393239;-1.610980229
Unknown;25.04.2020;28.803913;6.695198219
Cash;24.04.2020;13.433015;8.727179283
Credit card;24.04.2020;16.456325;5.685689265
Dispute;24.04.2020;1.278;-3.59473845
No charge;24.04.2020;10.110619;-27.81400243
Unknown;24.04.2020;29.635651;5.787377239
Cash;23.04.2020;12.99157;6.934288938
Credit card;23.04.2020;16.59306;5.668813601
Dispute;23.04.2020;1.577142;-8.838839796
No charge;23.04.2020;10.226075;-1.657870605
Unknown;23.04.2020;28.996855;7.798979085
Cash;22.04.2020;13.255942;8.533011444
Credit card;22.04.2020;16.595484;5.72436638
Dispute;22.04.2020;-0.565517;-5.777799232
No charge;22.04.2020;13.507142;4.333107663
Unknown;22.04.2020;28.121979;3.257278717
Cash;21.04.2020;13.179165;9.663528019
Credit card;21.04.2020;16.473918;5.721842872
Dispute;21.04.2020;-1.176521;0.338344302
No charge;21.04.2020;11.535333;6.413448125
Unknown;21.04.2020;28.221674;4.171897653
Cash;20.04.2020;13.337103;6.858346162
Credit card;20.04.2020;16.725633;5.839715472
Dispute;20.04.2020;-0.8875;-0.8397015
No charge;20.04.2020;10.196739;3.93651882
Unknown;20.04.2020;28.258342;6.417015342
Cash;19.04.2020;13.966138;6.27058812
Credit card;19.04.2020;17.158768;5.308964201
Dispute;19.04.2020;0.225925;-2.082681208
No charge;19.04.2020;12.705263;2.795848894
Unknown;19.04.2020;27.062508;3.542626621
Cash;18.04.2020;13.36048;7.404695569
Credit card;18.04.2020;17.053688;6.56168895
Dispute;18.04.2020;4.305641;-3.122041426
No charge;18.04.2020;12.007272;-3.637428033
Unknown;18.04.2020;27.455796;3.601409071
Cash;17.04.2020;13.392843;7.515478106
Credit card;17.04.2020;16.924656;5.676330529
Dispute;17.04.2020;1.513;-3.868813527
No charge;17.04.2020;9.509821;0.982130269
Unknown;17.04.2020;28.217339;7.815001811
Cash;16.04.2020;12.818782;6.692855517
Credit card;16.04.2020;16.511211;5.597556285
Dispute;16.04.2020;4.279661;-1.522092529
No charge;16.04.2020;18.298977;6.864713974
Unknown;16.04.2020;27.164062;3.936824968
Cash;15.04.2020;12.958714;5.869028086
Credit card;15.04.2020;16.581818;5.516340722
Dispute;15.04.2020;-2.072307;-1.931910073
No charge;15.04.2020;11.002272;4.068453521
Unknown;15.04.2020;27.458049;10.34478298
Cash;14.04.2020;13.285563;7.035200843
Credit card;14.04.2020;16.469198;5.664771308
Dispute;14.04.2020;-0.1724;-73.00995448
No charge;14.04.2020;10.72606;1.014585391
Unknown;14.04.2020;27.502918;4.901837508
Cash;13.04.2020;12.974858;6.269808139
Credit card;13.04.2020;16.443087;6.899632943
Dispute;13.04.2020;-2.916595;-2.60805727
No charge;13.04.2020;12.375454;-2.894281715
Unknown;13.04.2020;29.078267;8.960634988
Cash;12.04.2020;13.82901;6.166830751
Credit card;12.04.2020;17.09016;5.395253283
Dispute;12.04.2020;1.825833;-48.10947341
No charge;12.04.2020;8.458536;-8.061349449
Unknown;12.04.2020;31.962932;16.15976783
Cash;11.04.2020;13.478104;6.190428879
Credit card;11.04.2020;16.916155;6.137622139
Dispute;11.04.2020;-5.537027;-71.0157813
No charge;11.04.2020;9.91194;5.196112126
Unknown;11.04.2020;27.110356;12.70296472
Cash;10.04.2020;12.860968;8.942528072
Credit card;10.04.2020;16.47461;5.872268344
Dispute;10.04.2020;0.778823;-184.5618256
No charge;10.04.2020;11.225154;4.550304775
Unknown;10.04.2020;27.104386;4.656958306
Cash;09.04.2020;13.084802;10.00237059
Credit card;09.04.2020;16.456933;5.884165262
Dispute;09.04.2020;-3.506122;-81.09723166
No charge;09.04.2020;10.848101;4.301110917
Unknown;09.04.2020;27.900585;3.520245594
Cash;08.04.2020;13.015521;6.010449476
Credit card;08.04.2020;16.396553;6.904472996
Dispute;08.04.2020;-0.946734;-0.131087923
No charge;08.04.2020;9.228813;3.717044699
Unknown;08.04.2020;25.385233;4.025478438
Cash;07.04.2020;12.992891;7.559785813
Credit card;07.04.2020;16.692009;5.841772986
Dispute;07.04.2020;-0.325405;1.594769684
No charge;07.04.2020;10.349074;1.207539698
Unknown;07.04.2020;25.751041;3.582767133
Cash;06.04.2020;13.59781;5.901556861
Credit card;06.04.2020;16.702672;5.624572944
Dispute;06.04.2020;1.430232;1.525002706
No charge;06.04.2020;8.970894;-1.350116112
Unknown;06.04.2020;25.532954;3.380838656
Cash;05.04.2020;13.880324;5.218137889
Credit card;05.04.2020;17.491969;5.490230636
Dispute;05.04.2020;3.015333;-3.100071196
No charge;05.04.2020;13.522121;1.190561488
Unknown;05.04.2020;25.312034;5.990111713
Cash;04.04.2020;13.598737;5.872264205
Credit card;04.04.2020;16.739949;5.803393841
Dispute;04.04.2020;7.382564;-6.546698756
No charge;04.04.2020;9.359253;-1.137442241
Unknown;04.04.2020;23.721545;14.6496477
Cash;03.04.2020;13.049693;7.01362915
Credit card;03.04.2020;17.10949;5.887319593
Dispute;03.04.2020;3.7525;-87.55972032
No charge;03.04.2020;8.208468;-1.385138315
Unknown;03.04.2020;23.620082;6.606010536
Cash;02.04.2020;13.394854;8.037169578
Credit card;02.04.2020;16.704338;5.860136859
Dispute;02.04.2020;1.165306;-4.727252532
No charge;02.04.2020;11.969393;-3.573948608
Unknown;02.04.2020;25.939168;6.05464765
Cash;01.04.2020;13.408395;5.489676148
Credit card;01.04.2020;16.866375;5.529444155
Dispute;01.04.2020;-5.078536;-10.96519284
No charge;01.04.2020;11.966666;1.627834378
Unknown;01.04.2020;23.358694;3.483302862
Cash;31.03.2020;13.677902;6.465042522
Credit card;31.03.2020;17.182627;5.556734103
Dispute;31.03.2020;1.469743;-4.124236759
No charge;31.03.2020;9.778072;2.013726647
Unknown;31.03.2020;23.349651;3.296799168
Cash;30.03.2020;13.40812;6.23936105
Credit card;30.03.2020;17.019909;5.444511485
Dispute;30.03.2020;0.562264;-20.18112171
No charge;30.03.2020;11.699523;6.402797369
Unknown;30.03.2020;23.206331;5.394942191
Cash;29.03.2020;14.302144;5.503235716
Credit card;29.03.2020;17.472171;5.993564904
Dispute;29.03.2020;2.327368;-2.033572774
No charge;29.03.2020;12.023768;2.261088023
Unknown;29.03.2020;28.832468;5.24343881
Cash;28.03.2020;13.370769;6.298336007
Credit card;28.03.2020;16.862368;5.786855392
Dispute;28.03.2020;5.80923;-16.25517853
No charge;28.03.2020;10.590116;1.512738522
Unknown;28.03.2020;24.10496;2.806479187
Cash;27.03.2020;13.987812;5.732901151
Credit card;27.03.2020;17.02279;6.708837388
Dispute;27.03.2020;1.534901;-2.616737199
No charge;27.03.2020;7.907843;-3.715475914
Unknown;27.03.2020;26.063585;7.248190992
Cash;26.03.2020;14.451206;7.2772844
Credit card;26.03.2020;17.006349;5.534250769
Dispute;26.03.2020;-7.278888;-12.38835999
No charge;26.03.2020;11.436703;-10.481032
Unknown;26.03.2020;28.297408;6.020026793
Cash;25.03.2020;14.183689;7.853705644
Credit card;25.03.2020;17.165019;5.691825449
Dispute;25.03.2020;-1.41913;-29.60356192
No charge;25.03.2020;11.815384;3.437547721
Unknown;25.03.2020;24.468781;3.48389345
Cash;24.03.2020;14.551435;7.439642674
Credit card;24.03.2020;17.151251;6.852174318
Dispute;24.03.2020;-2.127916;-9.128096087
No charge;24.03.2020;12.428965;3.70748005
Unknown;24.03.2020;24.910806;3.512139106
Cash;23.03.2020;14.369903;8.602780874
Credit card;23.03.2020;16.998318;5.925863676
Dispute;23.03.2020;0.74862;-60.23905083
No charge;23.03.2020;10.5095;-1.432444132
Unknown;23.03.2020;24.47633;5.745238765
Cash;22.03.2020;16.126171;8.701128968
Credit card;22.03.2020;18.449972;6.407875262
Dispute;22.03.2020;-3.673962;-150.5443945
No charge;22.03.2020;12.696344;-37.36251832
Unknown;22.03.2020;24.691415;5.598973691
Cash;21.03.2020;14.86736;6.477857072
Credit card;21.03.2020;18.030755;5.839457619
Dispute;21.03.2020;3.089428;-19.62895012
No charge;21.03.2020;16.230306;1.774671009
Unknown;21.03.2020;22.295178;9.936876203
Cash;20.03.2020;14.713144;6.212916072
Credit card;20.03.2020;17.623232;6.145739808
Dispute;20.03.2020;-14.867835;-7.93124605
No charge;20.03.2020;8.508294;-3.637152574
Unknown;20.03.2020;22.935333;6.701933029
Cash;19.03.2020;14.709903;7.004721811
Credit card;19.03.2020;17.475929;6.101286512
Dispute;19.03.2020;-2.12875;-47.67666054
No charge;19.03.2020;12.043333;5.126822372
Unknown;19.03.2020;25.242416;6.00281033
Cash;18.03.2020;15.113992;7.311579699
Credit card;18.03.2020;18.09396;6.415488264
Dispute;18.03.2020;1.449836;-5.884202196
No charge;18.03.2020;10.24559;-9.511464248
Unknown;18.03.2020;24.83221;3.607139112
Cash;17.03.2020;15.389596;7.848750733
Credit card;17.03.2020;18.364833;6.632423892
Dispute;17.03.2020;-0.274113;-26.40662292
No charge;17.03.2020;11.850977;-13.63920211
Unknown;17.03.2020;26.274425;2.883560852
Cash;16.03.2020;15.550252;6.831570756
Credit card;16.03.2020;18.932587;6.583108595
Dispute;16.03.2020;-1.386634;-19.65701695
No charge;16.03.2020;11.184386;-5.042395974
Unknown;16.03.2020;25.813762;4.50726849
Cash;15.03.2020;15.826658;7.59426434
Credit card;15.03.2020;19.181015;7.739782388
Dispute;15.03.2020;-2.95981;-24.25381262
No charge;15.03.2020;12.713697;-13.54023965
Unknown;15.03.2020;22.836569;3.85625813
Cash;14.03.2020;14.751306;7.790657023
Credit card;14.03.2020;17.579989;6.891513607
Dispute;14.03.2020;-2.611586;-54.358408
No charge;14.03.2020;10.213991;-5.859526347
Unknown;14.03.2020;23.393843;3.447835263
Cash;13.03.2020;15.33029;8.346127044
Credit card;13.03.2020;18.65163;7.291142831
Dispute;13.03.2020;-1.076313;-31.81964853
No charge;13.03.2020;11.171462;-4.352565001
Unknown;13.03.2020;26.1928;4.499777295
Cash;12.03.2020;15.727093;9.327055531
Credit card;12.03.2020;19.007937;7.467723627
Dispute;12.03.2020;1.054186;-37.93664345
No charge;12.03.2020;10.825694;-19.92266173
Unknown;12.03.2020;29.140348;5.183793081
Cash;11.03.2020;15.323714;7.929184342
Credit card;11.03.2020;18.649267;6.857508424
Dispute;11.03.2020;1.105032;-30.29268075
No charge;11.03.2020;10.591475;-2.425473386
Unknown;11.03.2020;27.137229;5.639899562
Cash;10.03.2020;15.394524;8.762081196
Credit card;10.03.2020;18.683886;7.291388624
Dispute;10.03.2020;0.906732;-77.38038149
No charge;10.03.2020;10.139612;-9.90268567
Unknown;10.03.2020;29.157671;4.277498524
Cash;09.03.2020;15.558779;8.390213834
Credit card;09.03.2020;19.264236;7.154715239
Dispute;09.03.2020;0.803576;-35.5080424
No charge;09.03.2020;10.072465;-12.20919862
Unknown;09.03.2020;28.255196;3.198760573
Cash;08.03.2020;15.590665;7.782756816
Credit card;08.03.2020;19.310915;7.342459892
Dispute;08.03.2020;0.762413;-22.59522969
No charge;08.03.2020;10.944881;-15.45788552
Unknown;08.03.2020;23.065359;3.209584098
Cash;07.03.2020;15.091243;8.202111127
Credit card;07.03.2020;18.098388;7.269814394
Dispute;07.03.2020;-2.426174;-31.10220021
No charge;07.03.2020;9.262122;-26.19996883
Unknown;07.03.2020;24.055578;4.646584632
Cash;06.03.2020;15.605742;9.355006055
Credit card;06.03.2020;19.351634;8.013641391
Dispute;06.03.2020;0.226083;-32.90561098
No charge;06.03.2020;11.06349;-9.30026584
Unknown;06.03.2020;30.02546;4.34586411
Cash;05.03.2020;15.842774;8.917129662
Credit card;05.03.2020;19.693689;7.426640632
Dispute;05.03.2020;-0.387272;-54.55500526
No charge;05.03.2020;10.937326;-4.626381317
Unknown;05.03.2020;29.43375;4.656695513
Cash;04.03.2020;15.670029;8.358604667
Credit card;04.03.2020;19.478219;7.668743598
Dispute;04.03.2020;1124.341474;321.2374231
No charge;04.03.2020;10.256479;-27.04070639
Unknown;04.03.2020;30.20049;6.051463961
Cash;03.03.2020;15.518766;8.381457544
Credit card;03.03.2020;19.330081;7.411502029
Dispute;03.03.2020;-1.011617;-29.79866964
No charge;03.03.2020;10.266533;-9.706087024
Unknown;03.03.2020;31.083556;4.091869131
Cash;02.03.2020;15.834615;8.570272717
Credit card;02.03.2020;19.844068;7.111924061
Dispute;02.03.2020;1.374685;-33.94348121
No charge;02.03.2020;10.745243;-16.10725033
Unknown;02.03.2020;28.945089;4.726806662
Cash;01.03.2020;15.653564;9.185171915
Credit card;01.03.2020;19.6477;8.11813737
Dispute;01.03.2020;0.117676;-37.33901968
No charge;01.03.2020;10.00725;-22.44515211
Unknown;01.03.2020;35.0886;7.329886568
Cash;29.02.2020;14.904729;7.830693954
Credit card;29.02.2020;17.985265;7.159086569
Dispute;29.02.2020;-0.726817;-35.62675581
No charge;29.02.2020;9.968646;-3.216831965
Unknown;29.02.2020;35.620338;8.382286705
Cash;28.02.2020;15.658306;9.275102619
Credit card;28.02.2020;19.643614;7.779100017
Dispute;28.02.2020;-0.323591;-36.23023439
No charge;28.02.2020;9.474649;-15.91082682
Unknown;28.02.2020;37.50546;11.21772847
Cash;27.02.2020;15.706583;9.599536066
Credit card;27.02.2020;19.692419;7.841994199
Dispute;27.02.2020;1.784897;-25.59911835
No charge;27.02.2020;14.995083;-25.63503668
Unknown;27.02.2020;37.5598;7.346016708
Cash;26.02.2020;15.577439;9.390824799
Credit card;26.02.2020;19.624253;7.683627639
Dispute;26.02.2020;0.753013;-32.41248941
No charge;26.02.2020;9.75256;-25.22760806
Unknown;26.02.2020;37.165327;7.740631604
Cash;25.02.2020;15.670056;8.184992327
Credit card;25.02.2020;19.540699;7.873659652
Dispute;25.02.2020;-0.833992;-26.8208365
No charge;25.02.2020;10.971271;-8.513497852
Unknown;25.02.2020;37.617345;4.984690941
Cash;24.02.2020;15.890539;8.368359789
Credit card;24.02.2020;20.164;7.536940223
Dispute;24.02.2020;1.104931;-18.99876379
No charge;24.02.2020;11.566433;-13.94066851
Unknown;24.02.2020;37.667779;8.803651246
Cash;23.02.2020;15.718242;7.98948155
Credit card;23.02.2020;19.80833;7.951235804
Dispute;23.02.2020;0.69855;-26.71550429
No charge;23.02.2020;9.840628;-9.658725341
Unknown;23.02.2020;34.781797;6.047235715
Cash;22.02.2020;15.175886;8.297775781
Credit card;22.02.2020;18.393337;7.04481353
Dispute;22.02.2020;0.818555;-29.75915868
No charge;22.02.2020;9.570952;-15.7736021
Unknown;22.02.2020;37.829693;9.548832659
Cash;21.02.2020;15.920887;9.117038775
Credit card;21.02.2020;19.515382;7.945772623
Dispute;21.02.2020;0.704682;-45.89052544
No charge;21.02.2020;11.558815;-20.38462874
Unknown;21.02.2020;37.626503;4.753848322
Cash;20.02.2020;15.987149;8.599122424
Credit card;20.02.2020;19.639859;7.971877068
Dispute;20.02.2020;-0.082281;-28.62032842
No charge;20.02.2020;11.807666;-10.41808056
Unknown;20.02.2020;37.44136;7.659753094
Cash;19.02.2020;15.735853;8.617628921
Credit card;19.02.2020;19.426602;7.607708228
Dispute;19.02.2020;-0.072927;-33.81559915
No charge;19.02.2020;11.214726;-11.16152781
Unknown;19.02.2020;36.7338;7.111505579
Cash;18.02.2020;15.638929;8.255800435
Credit card;18.02.2020;19.853669;7.704406794
Dispute;18.02.2020;1.179163;-35.84862612
No charge;18.02.2020;12.068297;-9.101134567
Unknown;18.02.2020;37.63706;6.485580388
Cash;17.02.2020;15.485214;7.568003
Credit card;17.02.2020;20.457153;7.380139323
Dispute;17.02.2020;0.992583;-51.47162861
No charge;17.02.2020;11.127554;-7.491733211
Unknown;17.02.2020;36.984265;14.55821288
Cash;16.02.2020;15.607421;8.06874579
Credit card;16.02.2020;19.138069;7.658196963
Dispute;16.02.2020;0.924883;-42.09934081
No charge;16.02.2020;10.377602;-4.148215965
Unknown;16.02.2020;35.344334;5.709409033
Cash;15.02.2020;15.150363;8.23910484
Credit card;15.02.2020;18.200424;7.597138828
Dispute;15.02.2020;0.240221;-33.42064835
No charge;15.02.2020;12.076046;-9.368984573
Unknown;15.02.2020;36.828214;7.249401182
Cash;14.02.2020;15.802971;9.249120855
Credit card;14.02.2020;19.668073;7.967294624
Dispute;14.02.2020;-0.483078;-55.65726142
No charge;14.02.2020;11.037415;-8.339286646
Unknown;14.02.2020;37.652381;7.873170221
Cash;13.02.2020;15.970358;9.298605342
Credit card;13.02.2020;19.84074;7.737836183
Dispute;13.02.2020;0.631561;-28.79396327
No charge;13.02.2020;10.9625;-23.94230774
Unknown;13.02.2020;37.890957;5.613925236
Cash;12.02.2020;15.283429;8.245887843
Credit card;12.02.2020;19.285921;7.5033341
Dispute;12.02.2020;1.185992;-9.511667978
No charge;12.02.2020;11.202925;-16.73787742
Unknown;12.02.2020;36.470389;7.392541795
Cash;11.02.2020;15.302532;8.91957954
Credit card;11.02.2020;19.153101;7.648705074
Dispute;11.02.2020;2.523176;-42.38989508
No charge;11.02.2020;10.000307;-17.90055729
Unknown;11.02.2020;37.705858;9.891613154
Cash;10.02.2020;15.538691;8.652558971
Credit card;10.02.2020;19.649967;8.066051213
Dispute;10.02.2020;2.449705;-19.10315044
No charge;10.02.2020;10.559266;-10.39878375
Unknown;10.02.2020;37.671562;6.825699164
Cash;09.02.2020;15.493509;7.967931917
Credit card;09.02.2020;19.492591;7.564698478
Dispute;09.02.2020;2.428839;-17.4419355
No charge;09.02.2020;9.778806;-10.94289333
Unknown;09.02.2020;35.535656;6.199578513
Cash;08.02.2020;15.130008;7.639096647
Credit card;08.02.2020;18.316012;7.539506293
Dispute;08.02.2020;0.341138;-17.25785853
No charge;08.02.2020;10.915887;-7.93126184
Unknown;08.02.2020;36.543303;6.016233062
Cash;07.02.2020;15.41788;9.602569708
Credit card;07.02.2020;19.29435;7.989404802
Dispute;07.02.2020;0.484148;-50.66629359
No charge;07.02.2020;11.939343;-13.24585882
Unknown;07.02.2020;37.486846;8.574999331
Cash;06.02.2020;15.553696;9.022916475
Credit card;06.02.2020;19.469392;7.929721516
Dispute;06.02.2020;-0.234616;-29.18994665
No charge;06.02.2020;13.686252;-7.503240019
Unknown;06.02.2020;37.126465;7.606690653
Cash;05.02.2020;15.230084;8.512566435
Credit card;05.02.2020;19.078669;7.7838091
Dispute;05.02.2020;-0.318653;-46.89742194
No charge;05.02.2020;10.728663;-5.429112243
Unknown;05.02.2020;37.369733;8.295909335
Cash;04.02.2020;15.24106;8.578088709
Credit card;04.02.2020;19.026702;7.60913091
Dispute;04.02.2020;2.55552;-29.98125143
No charge;04.02.2020;9.979737;-4.698953239
Unknown;04.02.2020;37.770976;5.65285863
Cash;03.02.2020;15.481932;8.107429409
Credit card;03.02.2020;19.923735;7.664635125
Dispute;03.02.2020;1.769474;-39.82936062
No charge;03.02.2020;12.273713;-8.732874475
Unknown;03.02.2020;37.458266;8.375296985
Cash;02.02.2020;15.176004;8.06104902
Credit card;02.02.2020;18.889133;7.510382882
Dispute;02.02.2020;2.219889;-34.77482591
No charge;02.02.2020;10.592574;-12.73277611
Unknown;02.02.2020;35.479854;8.943487931
Cash;01.02.2020;14.907846;8.498111214
Credit card;01.02.2020;17.956049;7.141559043
Dispute;01.02.2020;0.522934;-43.08833741
No charge;01.02.2020;9.910186;-19.24677227
Unknown;01.02.2020;37.535474;5.721223464
Cash;31.01.2020;15.76364;8.691111093
Credit card;31.01.2020;19.738363;7.6355153
Dispute;31.01.2020;0.015393;-40.49839095
No charge;31.01.2020;11.232014;-14.82270531
Unknown;31.01.2020;37.641629;6.470810277
Cash;30.01.2020;15.73707;9.06679307
Credit card;30.01.2020;19.609497;7.833884503
Dispute;30.01.2020;0.08471;-46.16800613
No charge;30.01.2020;10.257037;-16.38140066
Unknown;30.01.2020;37.35724;7.163278094
Cash;29.01.2020;15.238337;8.925540464
Credit card;29.01.2020;19.306074;7.682343768
Dispute;29.01.2020;0.182042;-49.47137374
No charge;29.01.2020;11.816165;-3.395736561
Unknown;29.01.2020;37.156099;8.56109686
Cash;28.01.2020;15.16371;8.464555117
Credit card;28.01.2020;18.957045;7.716758832
Dispute;28.01.2020;1.157605;-12.99975641
No charge;28.01.2020;10.692638;-15.3643043
Unknown;28.01.2020;37.598781;8.000794618
Cash;27.01.2020;15.572178;8.29501438
Credit card;27.01.2020;19.635938;7.8993534
Dispute;27.01.2020;1.349441;-29.39427188
No charge;27.01.2020;11.133349;-16.36040348
Unknown;27.01.2020;37.555416;6.925625728
Cash;26.01.2020;15.555789;8.1151041
Credit card;26.01.2020;19.507807;7.661917848
Dispute;26.01.2020;1.219834;-17.58718877
No charge;26.01.2020;10.934246;-29.69261647
Unknown;26.01.2020;34.869418;6.820911254
Cash;25.01.2020;14.656805;7.953545564
Credit card;25.01.2020;17.830043;7.441941109
Dispute;25.01.2020;-1.047561;-29.79774767
No charge;25.01.2020;9.518853;-8.926924923
Unknown;25.01.2020;36.973454;8.974853706
Cash;24.01.2020;15.536204;8.367921801
Credit card;24.01.2020;19.504293;7.578910798
Dispute;24.01.2020;1.624094;-39.43711003
No charge;24.01.2020;11.236739;-11.94042299
Unknown;24.01.2020;37.825445;7.65912682
Cash;23.01.2020;15.625988;9.328984877
Credit card;23.01.2020;19.598241;7.634514615
Dispute;23.01.2020;1.295115;-40.73377934
No charge;23.01.2020;11.825039;-11.12516354
Unknown;23.01.2020;37.256856;4.798359674
Cash;22.01.2020;15.301007;8.43216759
Credit card;22.01.2020;19.245861;7.882160444
Dispute;22.01.2020;2.431615;-20.92131827
No charge;22.01.2020;10.668129;-7.548068567
Unknown;22.01.2020;36.907051;8.357536181
Cash;21.01.2020;15.416098;8.788464489
Credit card;21.01.2020;19.506978;7.943056412
Dispute;21.01.2020;0.430306;-61.59115226
No charge;21.01.2020;11.146302;-7.395674137
Unknown;21.01.2020;37.844431;7.620095909
Cash;20.01.2020;15.360224;7.861822385
Credit card;20.01.2020;20.042843;8.024320441
Dispute;20.01.2020;1.333866;-29.58760439
No charge;20.01.2020;10.526814;-6.689237875
Unknown;20.01.2020;37.307706;7.210987714
Cash;19.01.2020;15.31747;7.211434979
Credit card;19.01.2020;18.799993;7.474388576
Dispute;19.01.2020;0.8245;-35.64482291
No charge;19.01.2020;10.422862;-14.87712833
Unknown;19.01.2020;35.242899;10.94932095
Cash;18.01.2020;14.807703;7.77964661
Credit card;18.01.2020;18.087102;7.826947524
Dispute;18.01.2020;2.278193;-32.98097918
No charge;18.01.2020;9.957057;-7.881513159
Unknown;18.01.2020;36.081406;12.64929836
Cash;17.01.2020;15.411266;8.799273294
Credit card;17.01.2020;19.522074;7.923574648
Dispute;17.01.2020;-0.264076;-43.11369172
No charge;17.01.2020;11.518009;-13.19982945
Unknown;17.01.2020;37.10496;6.785828709
Cash;16.01.2020;15.645864;8.455670089
Credit card;16.01.2020;19.451015;7.759423797
Dispute;16.01.2020;3.512442;-31.5399279
No charge;16.01.2020;11.054926;-11.51320353
Unknown;16.01.2020;37.665583;7.415688133
Cash;15.01.2020;15.460467;8.695171117
Credit card;15.01.2020;19.599206;7.589623836
Dispute;15.01.2020;1.427563;-22.5817055
No charge;15.01.2020;11.298498;-23.42412835
Unknown;15.01.2020;37.266598;4.565242602
Cash;14.01.2020;15.442619;9.701704822
Credit card;14.01.2020;19.416402;7.780618723
Dispute;14.01.2020;0.976153;-50.88564166
No charge;14.01.2020;10.67932;-22.59397487
Unknown;14.01.2020;37.939834;4.869332049
Cash;13.01.2020;15.73079;7.966124216
Credit card;13.01.2020;19.938553;7.608601539
Dispute;13.01.2020;2.538019;-23.55104132
No charge;13.01.2020;13.843751;-1.353654432
Unknown;13.01.2020;37.492162;6.243311757
Cash;12.01.2020;15.54759;8.034393493
Credit card;12.01.2020;19.668972;7.268649862
Dispute;12.01.2020;2.402813;-44.59932357
No charge;12.01.2020;11.760127;-4.400647893
Unknown;12.01.2020;36.435573;7.719271571
Cash;11.01.2020;15.120271;7.799858924
Credit card;11.01.2020;18.739709;7.856733037
Dispute;11.01.2020;1.785524;-30.85535481
No charge;11.01.2020;9.546266;-10.02300227
Unknown;11.01.2020;38.014548;4.370117367
Cash;10.01.2020;15.613934;8.04659943
Credit card;10.01.2020;19.541772;7.480126111
Dispute;10.01.2020;1.212222;-20.78793002
No charge;10.01.2020;10.667532;-7.854937288
Unknown;10.01.2020;37.229279;6.971571681
Cash;09.01.2020;15.557708;8.838513096
Credit card;09.01.2020;19.223598;7.95609715
Dispute;09.01.2020;1.867219;-31.70308747
No charge;09.01.2020;9.822963;-23.51573553
Unknown;09.01.2020;37.778957;6.602341157
Cash;08.01.2020;15.303402;8.447904582
Credit card;08.01.2020;18.750175;7.501147698
Dispute;08.01.2020;1.468391;-21.23186298
No charge;08.01.2020;10.945655;-13.7834698
Unknown;08.01.2020;37.362419;9.0274901
Cash;07.01.2020;15.439829;7.734826277
Credit card;07.01.2020;18.792249;7.852308572
Dispute;07.01.2020;2.891981;-20.08679296
No charge;07.01.2020;11.360012;-16.53121032
Unknown;07.01.2020;36.931256;6.828766785
Cash;06.01.2020;15.59049;8.333282046
Credit card;06.01.2020;19.717222;7.529312925
Dispute;06.01.2020;4.126119;-43.44756771
No charge;06.01.2020;11.464834;-11.22138155
Unknown;06.01.2020;36.782647;9.561215714
Cash;05.01.2020;15.56686;7.76683242
Credit card;05.01.2020;20.064336;8.044017022
Dispute;05.01.2020;1.528705;-33.21214978
No charge;05.01.2020;11.126233;-10.7161537
Unknown;05.01.2020;35.331565;7.299051695
Cash;04.01.2020;15.229501;7.209499432
Credit card;04.01.2020;18.807956;7.322554787
Dispute;04.01.2020;0.301503;-21.88589853
No charge;04.01.2020;12.336538;-9.347547027
Unknown;04.01.2020;36.284745;9.467993696
Cash;03.01.2020;15.91523;7.804427164
Credit card;03.01.2020;19.276207;7.465309046
Dispute;03.01.2020;3.230061;-29.84752726
No charge;03.01.2020;10.056879;-15.52727046
Unknown;03.01.2020;37.933764;8.819710518
Cash;02.01.2020;16.535821;7.275322881
Credit card;02.01.2020;20.52964;7.878786756
Dispute;02.01.2020;0.239913;-36.92843688
No charge;02.01.2020;10.974163;-12.04433594
Unknown;02.01.2020;37.612832;5.189579395
Cash;01.01.2020;16.418176;7.033136869
Credit card;01.01.2020;21.167251;7.311188767
Dispute;01.01.2020;2.385067;-4.169950433
No charge;01.01.2020;10.939921;-22.88151154
Unknown;01.01.2020;39.944025;8.300216128
